ID,Polygon
1,"POLYGON ((121.1090909090909 14.63181818181818, 121.1135954135954 14.63181818181818, 121.1135954135954 14.63632268632269, 121.1090909090909 14.63632268632269, 121.1090909090909 14.63181818181818))"
2,"POLYGON ((121.1136363636364 14.62727272727273, 121.1181408681409 14.62727272727273, 121.1181408681409 14.63177723177723, 121.1136363636364 14.63177723177723, 121.1136363636364 14.62727272727273))"
3,"POLYGON ((121.1136363636364 14.63181818181818, 121.1181408681409 14.63181818181818, 121.1181408681409 14.63632268632269, 121.1136363636364 14.63632268632269, 121.1136363636364 14.63181818181818))"
4,"POLYGON ((121.1181818181818 14.61818181818182, 121.1226863226863 14.61818181818182, 121.1226863226863 14.62268632268632, 121.1181818181818 14.62268632268632, 121.1181818181818 14.61818181818182))"
5,"POLYGON ((121.1181818181818 14.62272727272727, 121.1226863226863 14.62272727272727, 121.1226863226863 14.62723177723178, 121.1181818181818 14.62723177723178, 121.1181818181818 14.62272727272727))"
